old_system_donor_id,transaction_id,filing_id
1,SA11AI.4622,1165159
36,SA11AI.4106,1202030
2,VNVNVFBRA80,1183001
48,VN8FNFTH7R0,1165218
2,VNVNVFFFR21,1192258
37,SA11A.1837,1203142
1,SA11AI.4099,1158011
51,SA11A006,1205418
4,SA11A.14298,1177511
38,A2017-1508751,1173484
5,SA11AI.4488,1199534
1,SA11AI.4100,1202104
39,SA11AI.4631,1173065
1,SA11AI.6491,1202135
1,SA11AI.4103,1176464
40,VN8FKGFKGW3,1203840
6,SA11A.1515,1162025
7,SA11A.1563,1165227
1,SA11AI.4894,1203795
8,SA11AI.4107,1175966
9,VN8FKFRZWA3,1176793
10,VN8FKFRX0M7,1176793
11,SA11A.14291,1177511
41,VN8FKG9BMK4,1203840
6,SA11A.14293,1177511
6,SA11A.14335,1177913
16,VN8FKGFNRQ5,1203840
12,SA11A.14344,1181930
13,VV1NH9HPPA1,1194850
10,VN8FKGCA0F8,1203840
14,SA11AI.4614,1199534
15,SA11AI.4103,1200270
42,VN8FKGFGMN3,1203840
9,C34573909,1195072
16,C34556832,1192236
43,VN8FKGE3R51,1203840
10,C34556826,1192236
17,SA11A.14292,1177511
44,ACC79F9E08D3C4991854,1203673
18,SA17.4101,1202170
1,SA11AI.6421,1202135
16,VN8FKG89ZM9,1203840
2,VNVNVF5MQ01,1163555
45,SA11AI.4220,1204166
2,VNVNVF84TT2,1167082
1,A8274C954A23E4902A86,1176784
1,SA11AI.6379,1202135
19,VN8FKFX4WB7,1176793
20,SA11A.14290,1177511
46,AD1BFD1064BA04BACBE7,1202554
21,SA11A.14308,1177511
22,SA11A.14316,1177511
47,VTR9CAGW6W7,1203872
23,SA11A.14317,1177511
24,A24F57D1023FD4F53A91,1182421
48,VN8FKG60440,1203840
25,VV1NH9HKWZ3,1183072
26,VV1NH9HKX01,1188797
1,SA11AI.542949,1204385
27,SA11AI.5892,1194457
9,VR0E2M3WWF0,1199511
29,SA11A.14419,1204521
28,SA11AI.4103,1200525
16,5127637,1172719
49,SA11A.14365,1204500
26,A2017-1508752,1173484
29,SA11A.1594,1174444
1,SA11AI.4127,1204662
30,SA11A.197470,1203010
30,SA11A.204599,1203010
30,SA11AI.4126,1204662
1,SA11A.187052,1203010
31,A8BDB9BEA80DE46D499C,1202554
1,SA11AI.4107,1205215
32,A0C1A3B5CF2F241E7989,1202554
33,SA11A.1833,1203142
50,SA11AI.5796,1205366
34,SA11A.1828,1203142
35,SA11AI.4605,1155372
84,SA11AI.4159,1227830
73,SA11A.14333,1177913
53,SA11AI.5536,1150420
104,VN8FKGS0JE8,1215358
54,SA11A.1583,1167431
1,SA11AI.4114,1179757
55,SA11A.14314,1177511
201,VN8FKGKAE53,1203840
30,SA11AI.4817,1180218
74,SA11A.14359,1181930
56,VR0E2M3WNS6,1199511
139,VR0E2M53VP1,1219829
57,SA13A.4138,1201163
1,SA11AI.4798,1186794
58,SA11AI.4120,1201584
1,SA11A004,1205418
58,SA11AI.4102,1202030
75,VR0E2M3WS31,1199511
59,SA11AI.4192,1202038
60,SA13A.97,1204008
48,VR0E2M21AZ4,1199511
61,SA11AI.4125,1204506
62,SA11A.1634,1205538
76,VR0E2M218Q7,1199511
17,SA11A.1639,1205538
63,SA11A.1703,1205538
77,SA11AI.4103,1200506
29,SA11A.3063,1205538
48,VN8FNG82VF1,1205813
4,SA11AI.4119,1201421
40,VN8FNGFKV36,1205813
16,VN8FNGFQ0X3,1205813
1,SA11AI.4121,1201421
64,VTRB7CJAB16,1205543
16,VN8FNGGDRZ3,1205813
78,SA11AI.4127,1201586
65,SA11AI.4171,1199534
17,SA11A.1502,1155345
16,VN8FNFQTDG4,1165218
4,SA11A.1564,1165227
80,SA11A.200988,1203010
66,VNVNVFHB3X1,1195171
67,A2017-214660,1159494
81,SA11A.1834,1203142
68,SA11A.1536,1162025
69,SA11A.1585,1167431
82,VN8FKGA0W24,1203840
70,SA11AI.4105,1171242
43,VN8FKFT5Z25,1176793
83,VN8FKG7PDB9,1203840
71,VN8FKFVSME7,1176793
72,SA11A.14306,1177511
84,SA11AI.4206,1204130
1,SA17.389787,1204314
85,SA11A.14396,1204500
73,SA11A.14404,1204500
86,SA11A.14411,1204500
87,SA11A.14422,1204500
50,SA11AI.5794,1205366
50,SA11AI.5795,1205366
88,VN8FKGGCYN5,1210136
89,VN8FKGPQZS8,1210136
1,SA11AI.4108,1210269
1,SA11AI.546008,1210265
68,SA11A.14431,1210329
67,VV1NH9HQC82,1210343
67,VV1NH9HQC99,1210343
2,VNVNVFM8RH3,1210336
1,SA11AI.6239,1209937
90,SA11AI.4225,1210436
91,SA11AI.4223,1210436
1,SA11A.180663,1176744
1,SA17.388542,1204314
1,SA11AI.4186,1206076
1,SA11AI.4232,1206076
1,SA11A002,1205418
1,SA11AI.541038,1204385
80,SA11A.1592,1174444
92,SA11A.1824,1176064
93,SA11A.1635,1205538
94,SA11A.1681,1205538
105,VN8FKGSJYM3,1215358
86,SA11A.3060,1205538
264,SA11AI.4162,1232025
68,SA11A.3062,1205538
106,VN8FKGQ8P65,1215358
83,VN8FNGFKVQ4,1205813
17,SA11A.3119,1212027
107,VN8FKGTFJK9,1215358
63,SA11A.3113,1212027
95,SA11A.3115,1212027
108,VN8FKGQ8P73,1215358
4,SA11A.3120,1212027
96,SA11A.3104,1212027
4,SA11A.14448,1215413
72,SA11A.3102,1212027
87,SA11A.3103,1212027
95,SA11A.14450,1215413
97,SA11A.3123,1212027
98,A2B20B4F8BDA84A9D9D3,1214726
20,SA11A.14453,1215413
1,SA11A.209019,1215096
99,SA11AI.4159,1215238
109,SA11A.14455,1215413
84,SA11AI.4157,1215238
100,SA11AI.4163,1215238
110,SA11A.14456,1215413
101,VN8FKGTFQQ1,1215358
102,VN8FKGSWN71,1215358
111,VN8FKGS0DP2,1215358
103,VN8FKGQ8NG1,1215358
83,VN8FKGTDQN0,1215358
45,SA11AI.4841,1214193
102,VN8FNGV19A7,1213595
112,5388626,1214187
113,VTE9JP5C386,1214875
114,SA11AI.5042,1159713
115,SA11A.1584,1167431
115,SA11A.1728,1205538
19,VN8FNGCEG52,1205813
4,SA11A.206360,1209952
139,VR0E2KYX951,1176255
30,SA11AI.4132,1177009
116,SA11A.105,1211229
117,SA11AI.4127,1212224
118,VTE9JMSC6B3,1202914
58,B6657D3507B54B20A453,1175230
119,SA11A.14322,1177511
120,SA11AI.4171,1177880
121,VR0E2M21AW0,1199511
36,SA11AI.4124,1201584
122,SA11AI.4125,1201584
61,SA11AI.4124,1204506
123,SA11AI.4098,1205032
111,VN8FKGFMYH4,1203840
124,SA11AI.4855,1217650
125,VR0E2KNDJ79,1176255
126,SA11AI.4103,1176572
127,SA11A.14389,1204500
128,SA11AI.5197,1215622
129,5049798,1162725
130,SA11A.1593,1174444
131,SA11AI.4130,1177138
53,SA11AI.5666,1180144
132,SA11A.1825,1203142
133,SA11A.1914,1203142
134,SA11A.1917,1203142
50,SA11AI.5797,1205366
135,SA11A.1637,1205538
136,SA11A.1651,1205538
137,SA11A.1650,1205538
102,5359984,1208971
138,SA11A.3114,1212027
141,B330E0B34E724228B12D,1175230
142,F967834E0EE640C080A8,1175230
99,SA11AI.4110,1175966
121,VR0E2M61XQ7,1219829
84,SA11AI.4212,1204166
311,SA11AI.4428,1233228
149,A3AB798EA0C5D4FDBA76,1204341
58,A2D6A6C8E33641829E8A,1175232
151,SA11A.1495,1155345
142,43BBC64FFD614CC987E4,1175232
151,SA11A.1501,1155345
141,466FED59E1A24677B2F1,1175232
39,SA11AI.4322,1158866
109,F7A529C85FF348F8B7F2,1175232
155,SA11A.1566,1165227
157,SA11A.1571,1165227
72,SA11AI.7414,1173952
109,8860F1341AD04BBCBB3A,1175230
159,VR0E2KZ8651,1176255
160,SA11AI.8088,1176325
162,SA11AI.4115,1176739
164,SA11A.180669,1176744
206,SA11A.3086,1205538
5,SA11A.163755,1176744
166,SA11AI.4131,1177061
206,SA11A.1632,1205538
167,SA11A.14307,1177511
169,SA11A.14319,1177511
206,SA11A.1535,1162025
115,SA11A.14341,1181930
172,SA11C.49,1183766
206,SA11A.1561,1165227
174,VR0E2M3CX98,1199511
176,SA11AI.4101,1200270
178,SA11AI.4125,1201586
179,SA11AI.4194,1202038
180,SA11AI.4101,1202361
181,SA11A.186675,1203010
183,SA11A.1830,1203142
185,SA11A.1840,1203142
187,VN8FKGC6YS0,1203840
188,VN8FKGD55T8,1203840
209,VN8FKGFJ6J6,1203840
166,SA11AI.4209,1204166
190,SA11A.14373,1204500
209,VN8FNGE3TS0,1205813
115,SA11A.14406,1204500
193,INCA1,1204630
206,SA11A.1595,1174444
195,INCA53,1205028
197,SA11AI.4118,1215091
206,SA11A.1504,1155345
155,SA11A.14452,1215413
200,SA11AI.4099,1216711
206,SA11A.1596,1174444
206,SA11A.1587,1167431
211,VN8FNG9WR77,1205813
201,VN8FNG6RPT8,1205813
212,VTEF8MVXQ14,1198756
214,VN8FNFVE2A7,1174424
213,VN8FKFX1KX7,1176793
205,VSH7WEJ7TM9,1177179
201,SA11C.4808,1193657
215,VN8FKG68SH0,1203840
216,VN8FKG3VKX4,1203840
101,VN8FNG72SM5,1205813
41,SA17.4612,1188566
41,VR0E2KYX969,1176255
41,SA11AI.4518,1205589
41,VTEDXN2FX34,1203075
84,SA11AI.4112,1175966
54,SA11A.14465,1226476
143,VR0E2KP9496,1176255
97,SA11AI.4279,1215297
143,VR0E2KZ8677,1176255
110,A551EA59DA2B34F69B05,1176784
150,VV1NH9HMMF9,1210328
144,5259371,1194312
101,VR0E2M3AJK7,1199511
152,SA11A.1499,1155345
145,SA11AI.4122,1201584
206,SA11A.3127,1212027
158,8DC744BEA41242939509,1175232
153,SA11AI.4356,1158866
145,SA11AI.4104,1202030
79,SA11AI.4196,1202038
154,SA11AI.4277,1161280
147,SA11AI.4198,1202038
110,SA11A.1827,1203142
156,SA11A.1569,1165227
148,SA11A.1857,1203142
99,SA11AI.4215,1204166
97,SA11A.1586,1167431
43,VN8FNFWKX70,1174424
158,16E37451E89C4DB6A432,1175230
160,SA11AI.8081,1176325
206,SA11A.3106,1212027
161,SA11AI.4118,1176739
163,SA11AI.4119,1176739
206,SA11A.1500,1155345
4,SA11A.162268,1176744
165,VN8FKFVHQ24,1176793
206,SA11A.1497,1155345
152,SA11A.14299,1177511
168,SA11A.14305,1177511
206,SA11A.1682,1205538
170,SA11A.14320,1177511
171,SA11AI.4115,1181955
206,SA11A.1648,1205538
173,VR0E2M3EG71,1199511
175,VR0E2M3WWG8,1199511
206,SA11A.1582,1167431
177,SA11AI.8272,1200672
59,SA11AI.4129,1201586
206,SA11A.3116,1212027
110,SA11AI.4119,1202056
113,VTE9JNK7KF8,1202914
182,SA11A.1835,1203142
184,SA11A.1841,1203142
209,VN8FKGCVEB1,1203840
186,SA11A.1842,1203142
82,VN8FKGFJ6R4,1203840
210,VN8FKGFAA18,1203840
189,SA11AI.4110,1204113
143,SA11AI.4198,1204382
206,SA11A.1535_B,1162025
191,SA11A.14398,1204500
192,SA11AI.4100,1204603
194,SA11AI.4103,1204728
196,SA11AI.5779,1205366
206,SA11A.1561_B,1165227
198,SA11AI.6231,1215373
199,SA11A001,1215621
206,001,1205538
211,VN8FKG82FG6,1203840
210,VN8FNGPRF69,1205813
202,VN8FKGHHSY4,1210136
213,VN8FNFX41Y7,1174424
214,VN8FKFVHNH0,1176793
41,11AI-000023935,1220702
41,VTEDXMTR8M1,1203075
290,VN8FKH5BXM0,1233237
41,VTEDXMQT5Z9,1203075
1,SA11AI.4989,1221030
41,VSHEPEBHDJ8,1176473
41,VTEDXM8E1K0,1203075
217,SA11A.1919,1222362
12,SA11AI.5724,1176306
1,SA11AI.6598,1219709
69,SA11A.3160,1220026
9,VR0E2M6E1R8,1219829
101,VR0E2M53VN3,1219829
22,SA11AI.16394,1220035
41,VR0E2M5GTP0,1219829
23,SA11AI.16392,1220035
218,SA11AI.16458,1220035
219,SA11AI.4726,1221398
220,SA11A.1931,1222362
221,SA11A.1933,1222362
222,SA11A.1916,1222362
223,SA11AI.4120,1222695
224,SA11AI.4111,1200525
225,SA11AI.14485,1220035
41,VSHEPFSNW97,1220178
92,SA11A.1935,1222362
54,SA11A.3142,1220026
24,SA11A.182,1222820
109,SA11A.3141,1220026
85,SA11A.3161,1220026
1,SA11AI.4209,1221203
1,SA11AI.4508,1222651
226,VN8FKGFNXM3,1203840
151,SA11A.3140,1220026
227,SA11A.1924,1222362
228,SA11AI.4102,1222347
229,SA11A.1922,1222362
186,SA11A.1928,1222362
151,SA11A.2040,1222820
230,SA11AI.4102,1218634
99,SA11AI.16469,1220035
84,SA11AI.16467,1220035
110,SA11A.1925,1222362
177,SA11A.3143,1220026
231,SA11A.3144,1220026
129,5222392,1191485
232,VTQYZ9MXMG6,1192624
233,SA11AI.4102,1195632
80,SA11A.14437,1204500
110,SA11A005,1205418
234,SA11A.1630,1205538
235,SA11A.1636,1205538
236,SA11A.1640,1205538
237,SA11A.1663,1205538
238,SA11A.1664,1205538
239,SA11A.1670,1205538
240,SA11A.1668,1205538
241,SA11A.1671,1205538
242,SA11A.1729,1205538
243,SA11A.3054,1205538
152,SA11A.3057,1205538
244,SA11AI.4316,1205696
245,VN8FNG95YA3,1205813
102,VN8FNG0NFZ6,1205813
246,SA11AI.4327,1206078
247,A95622F586E6E49A9971,1209184
248,VN8FKGHWJ75,1210136
249,VV1NH9HMMK1,1210328
250,VV1NH9HMMM9,1210328
251,VV1NH9HQ1R3,1210337
252,A3257A311CDA6449CA3B,1226199
63,SA11A002,1226041
254,SA11A005,1226041
253,SA11A001,1226041
255,A413A75B580914248AC0,1226166
262,SA11A.14461,1226476
256,A9663E96F724B4A728BF,1226166
16,VN8FKGV8KP1,1226414
77,SA11AI.4314,1218816
257,VN8FKH02T65,1226414
258,VN8FKGVNX10,1226414
265,SA11AI.4314,1226270
75,VN8FKGVHRH2,1226414
10,VN8FKGXYYM8,1226414
90,SA11AI.4315,1226270
259,VN8FKGW13K1,1226414
1,SA11AI.4101,1220540
266,VN8FKGZY314,1226414
1,SA17.1042990,1198638
1,SA17.387015,1176782
142,VN8FKGXT7T4,1226414
112,5470296,1232805
2,VNVNVFR7AN6,1232732
136,SA11A.14472,1226476
206,SA11A.3169,1220026
72,SA11A.14466,1226476
137,SA11A.14473,1226476
260,SA11A.14481,1226476
1,SA11AI.558462,1232656
15,SA11AI.7169,1232400
267,VN8FKGV1E93,1226414
151,SA11A.14467,1226470
17,SA11A.14462,1226476
206,SA11A.3145,1220026
1,SA11AI.4104,1232698
140,VN8FKGW3MK4,1226414
261,VN8FKGW3DY5,1226414
206,SA11A.3170,1220026
109,SA11A.14458,1226476
263,SA11A.14474,1226476
268,VN8FKGXYYF9,1226414
26,VV1NH9HQG06,1232649
41,VTEF8Q364Z9,1232684
269,VN8FKGV9HN6,1226414
270,VN8FKGVHWR7,1226414
206,SA11A.3138,1220026
271,VR0E2M6E1T4,1219829
157,SA11A.3159,1220026
135,SA11A.3165,1220026
184,SA11AI.16448,1220035
263,SA11AI.4132,1221004
272,A2B6614424A4A4326B08,1221441
273,AA7CE508BEDEB4412B3D,1221441
274,A689AE4EF572141EBBEC,1221441
96,A5379772A7521433EB74,1221441
99,AED9A07D78A4D42EB95F,1221441
84,ACDAD0DE6FDA04964B27,1221441
275,AF8635315B7DD43A78CD,1221441
276,AE4D66C22D6ED40C0817,1221441
277,A92ED6EB2A9364533A65,1221441
81,A04F034A1031A47C8929,1221441
278,ABEBB0469223648288A8,1221441
96,AA0EBE8EDE4B94F8BB0B,1221441
279,A0D19A3381B1C4BB0A29,1221441
280,AF76C0A48934548478CB,1221441
41,SA17.5942,1233331
41,SA17.5947,1233331
16,VNVXSFT4RQ6,1233298
41,VNVXSFT4RR4,1233298
281,VN8FKH1A5N4,1233239
48,VN8FKH3B813,1233239
9,VN8FKH4TYZ8,1233239
88,VN8FKH3EJK1,1233239
282,SA11AI.15254,1220035
52,SA11A007,1205418
111,VN8FKH3AS95,1233237
88,VN8FKH3EJJ3,1233237
283,A8518F43D918B49CC8ED,1221441
58,VN8FKH4JGV2,1233237
284,AB7A10D8C66FC4D4983F,1221441
30,A2E16F02C94CC42FB9A0,1221441
312,VN8FKH5NEY5,1233237
45,AC4D6EA76873D49A08DB,1221441
78,SA11AI.4424,1233228
313,VN8FKH5BXN7,1233237
90,SA11AI.4160,1233238
285,VN8FKH4TZ22,1233239
191,SA11A.14482,1233268
286,VN8FKH247J8,1233239
287,SA11A.14488,1233268
265,SA11AI.4353,1225907
195,INCA393,1223082
113,SA11AI.4164,1233238
314,VN8FKH3G5M6,1233239
173,INCA250,1233269
288,SA11AI.4131,1228935
315,VN8FKH3G5K8,1233239
1,SA11A003,1233196
289,VN8FKH4NKD4,1233237
316,VNW44FV4MG4,1233411
290,VN8FKH4JGY6,1233237
87,SA11A.14496,1233268
146,SA11AI.4196,1201935
317,SA11AI.17140,1234504
291,SA11AI.4155,1225913
291,SA11AI.4317,1226270
318,SA11AI.17201,1234504
292,SA11AI.4106,1186899
293,SA11A.3105,1212027
319,SA11AI.17171,1234504
155,SA11A.3118,1212027
15,SA11AI.19871,1214117
320,VVBFDCDK340,1232409
251,VR0E2M5GTN2,1219829
294,VR0E2M5GTQ8,1219829
321,SA11AI.19834,1234504
110,SA11AI.4131,1220622
295,SA11AI.4099,1221022
322,5507496,1238593
296,SA11AI.4125,1221324
63,AD231A8EE91D44184B76,1221441
16,5554626,1238593
297,VTR9CD0YKG5,1221636
64,VTE9JQ86HT4,1239314
298,SA11AI.4118,1221808
299,SA11AI.4099,1222695
112,5510510,1238593
300,SA11AI.4104,1222831
301,SA11AI.4112,1223243
1,SA11AI.8344,1239365
302,SA11AI.4111,1223486
303,SA11AI.4102,1224220
323,VTE9JQ86J85,1239314
304,SA11AI.4151,1225913
141,VN8FKGW3MB1,1226414
324,VTE9JQ86J93,1239314
305,VN8FKGXX805,1226414
306,VN8FKGXYWZ9,1226414
325,VTE9JQ86J77,1239314
307,SA11A.14460,1226470
308,SA11A.14463,1226476
326,VTE9JQ86J69,1239314
309,SA11AI.4185,1226485
310,VN8FNGVNVY0,1226531
142,VTE9JQ8QAQ1,1239314
226,VN8FNH1AA79,1226531
327,5529868,1238593
185,SA11A.1926,1222362
328,SA11A.1929,1222362
10,VV1NH9HQGV9,1239877
329,VV1NH9HQGT1,1239877
330,VVBMQCVH0Q6,1239890
16,VNVXSFKV4M5,1223241